pattern,file,title,license,artist
그랜저,assets/cars/real/grandeur.webp,File:Hyundai Azera IMG002.jpg,CC BY-SA 4.0,Zotyefan
아반떼,assets/cars/real/avante.webp,File:00 Hyundai Avante (CN7).jpg,CC BY-SA 4.0,Benespit
쏘나타,assets/cars/real/sonata.webp,"File:2020 Hyundai Sonata SEL (Quartz White), front right.jpg",CC BY-SA 3.0,Mr.choppers
싼타페,assets/cars/real/santafe.webp,File:Hyundai Santa Fe (MX5) Hybrid Automesse Ludwigsburg 2024 IMG 1448.jpg,CC BY-SA 4.0,Alexander-93
투싼,assets/cars/real/tucson.webp,File:Hyundai Tucson (NX4) PHEV IMG 4375.jpg,CC BY-SA 4.0,Alexander Migl
팰리세이드,assets/cars/real/palisade.webp,"File:Hyundai Palisade in white, front left.jpg",CC BY-SA 4.0,Benespit
코나,assets/cars/real/kona.webp,File:Hyundai Kona (SX2) 1X7A0850.jpg,CC BY-SA 4.0,Alexander-93
캐스퍼,assets/cars/real/casper.webp,File:00 HYUNDAI CASPER 00.jpg,CC BY-SA 4.0,Benespit
베뉴,assets/cars/real/venue.webp,File:2020 Hyundai Venue Ultimate 2019-12-13 2.jpg,CC BY-SA 4.0,SsmIntrigue
스타리아,assets/cars/real/staria.webp,File:Hyundai Staria 1X7A0326.jpg,CC BY-SA 4.0,Alexander Migl
포터,assets/cars/real/porter.webp,File:00 hyundai porter 003.jpg,CC BY-SA 4.0,Benespit
아이오닉5,assets/cars/real/ioniq5.webp,File:Hyundai Ioniq 5 IAA 2021 1X7A0189.jpg,CC BY-SA 4.0,Alexander Migl
아이오닉6,assets/cars/real/ioniq6.webp,File:Hyundai Ioniq 5 Robotaxi IAA 2021 1X7A0002.jpg,CC BY-SA 4.0,Alexander Migl
아이오닉9,assets/cars/real/ioniq9.webp,File:Hyundai Ioniq Three Concept IAA 2025 DSC 2360.jpg,CC BY-SA 4.0,Alexander-93
아이오닉,assets/cars/real/ioniq.webp,File:Hyundai Ioniq 5 IAA 2021 1X7A0189.jpg,CC BY-SA 4.0,Alexander Migl
벨로스터,assets/cars/real/veloster.webp,File:2012 Hyundai Veloster -- 01-20-2012 2.jpg,Public domain,IFCAR
i30,assets/cars/real/i30.webp,File:Hyundai i30 FD 02.jpg,CC BY 3.0,Maksim Sidorov
엑센트,assets/cars/real/accent.webp,File:Hyundai Accent Era.jpg,CC BY-SA 4.0,Tan Taşçı
베르나,assets/cars/real/verna.webp,"File:HYUNDAI VERNA (HYUNDAI ACCENT) (RB,RC) China.jpg",CC BY-SA 4.0,Dinkun Chen
제네시스쿠페,assets/cars/real/gencoupe.webp,File:2010 Hyundai Genesis Coupe 3 -- 08-28-2009.jpg,Public domain,IFCAR
맥스크루즈,assets/cars/real/maxcruz.webp,File:Hyundai Santa Fe 1.jpg,CC0,Jebulon
k5,assets/cars/real/k5.webp,File:KIA K5 (DL3) China.jpg,CC BY-SA 4.0,Dinkun Chen
k8,assets/cars/real/k8.webp,File:Kia K8 Hybrid GL3 HEV white (1).jpg,CC BY-SA 4.0,Damian B Oh
k9,assets/cars/real/k9.webp,File:Kia K9 KH facelift 01 China 2016-04-15.jpg,CC BY-SA 4.0,Navigator84
k3,assets/cars/real/k3.webp,File:KIA K3 (YD) China.jpg,CC BY-SA 4.0,Dinkun Chen
모닝,assets/cars/real/morning.webp,File:2017 Kia Picanto GT-Line S 1.2 Front.jpg,CC BY-SA 4.0,Vauxford
레이,assets/cars/real/ray.webp,File:Kia Ray.jpg,CC BY 2.0,"Michael Gil from Toronto, ON, Canada"
쏘렌토,assets/cars/real/sorento.webp,File:0 Kia Sorento (MQ4) 4.jpg,CC BY-SA 4.0,Benespit
스포티지,assets/cars/real/sportage.webp,File:Kia Sportage Plug-in-Hybrid (NQ5) IAA 2021 1X7A0113.jpg,CC BY-SA 4.0,Alexander Migl
카니발,assets/cars/real/carnival.webp,File:0 Kia Carnival (KA4).jpg,CC BY-SA 4.0,Benespit
셀토스,assets/cars/real/seltos.webp,File:Kia Seltos IMG 9125.jpg,CC BY-SA 4.0,Alexander-93
니로,assets/cars/real/niro.webp,File:Kia Niro (SG2) PHEV 1X7A0427.jpg,CC BY-SA 4.0,Alexander Migl
스토닉,assets/cars/real/stonic.webp,"File:IAA 2017, Frankfurt (1Y7A2570).jpg",CC BY-SA 4.0,Matti Blume
모하비,assets/cars/real/mohave.webp,File:00 Kia Mohave 2.jpg,CC BY-SA 4.0,Benespit
봉고,assets/cars/real/bongo.webp,File:Kia Frontier II 2.5 2007 (11181524443).jpg,CC BY-SA 2.0,order_242 from Chile
ev3,assets/cars/real/ev3.webp,File:Kia EV3 GT-Line Automesse Ludwigsburg 2024 IMG 1405.jpg,CC BY-SA 4.0,Alexander-93
ev6,assets/cars/real/ev6.webp,File:Kia EV6 Auto Zuerich 2021 IMG 0435.jpg,CC BY-SA 4.0,Alexander Migl
ev9,assets/cars/real/ev9.webp,File:Kia EV9 IAA 2023 1X7A0694.jpg,CC BY-SA 4.0,Alexander-93
프라이드,assets/cars/real/pride.webp,File:Kia Pride front 20071204.jpg,CC BY-SA 3.0,Rudolf Stricker
g70,assets/cars/real/g70.webp,File:Genesis G70 IAA 2021 1X7A0227.jpg,CC BY-SA 4.0,Alexander Migl
g80,assets/cars/real/g80.webp,File:Genesis G80 IAA 2021 1X7A0229.jpg,CC BY-SA 4.0,Alexander Migl
g90,assets/cars/real/g90.webp,File:Genesis G90 II 002.jpg,CC BY-SA 4.0,JustAnotherCarDesigner
gv60,assets/cars/real/gv60.webp,File:Genesis GV60 1X7A5753.jpg,CC BY-SA 4.0,Alexander Migl
gv70,assets/cars/real/gv70.webp,File:Genesis GV70 IAA 2021 1X7A0228.jpg,CC BY-SA 4.0,Alexander Migl
gv80,assets/cars/real/gv80.webp,File:Genesis GV80 in matte grey.jpg,CC BY-SA 4.0,Damian B Oh
티볼리,assets/cars/real/tivoli.webp,File:SsangYong Tivoli Grand Automesse Ludwigsburg 2022 1X7A5915.jpg,CC BY-SA 4.0,Alexander Migl
토레스,assets/cars/real/torres.webp,File:0 SsangYong Torres 3.jpg,CC BY-SA 4.0,Benespit
렉스턴스포츠,assets/cars/real/rextonsports.webp,File:00 SsangYong Rexton Sports 1.jpg,CC BY-SA 4.0,Benespit
렉스턴,assets/cars/real/rexton.webp,"File:IAA 2017, Frankfurt (1Y7A2660).jpg",CC BY-SA 4.0,Matti Blume
코란도,assets/cars/real/korando.webp,"File:SsangYong Korando, GIMS 2019, Le Grand-Saconnex (GIMS1297).jpg",CC BY-SA 4.0,Matti Blume
무쏘,assets/cars/real/musso.webp,File:KGM Musso EV Auto Zuerich 2025 DSC 3556.jpg,CC BY-SA 4.0,Alexander Migl
액티언,assets/cars/real/actyon.webp,File:KGM Actyon J120 Camel Beige (7).jpg,CC BY-SA 4.0,Damian B Oh
그랑콜레오스,assets/cars/real/grandkoleos.webp,File:Geely Xingyue L IMG006.jpg,CC BY-SA 4.0,Anonymousfox36
아르카나,assets/cars/real/arkana.webp,File:Renault Samsung XM3 (front view).jpg,CC BY 3.0,카이즈유 (Carisyou)
xm3,assets/cars/real/xm3.webp,File:Renault Samsung XM3 (front view).jpg,CC BY 3.0,카이즈유 (Carisyou)
qm6,assets/cars/real/qm6.webp,"File:Renault Koleos Initiale Paris, IAA 2017, Frankfurt (1Y7A3353).jpg",CC BY-SA 4.0,Matti Blume
sm6,assets/cars/real/sm6.webp,File:20160311 Renault Samsung SM6 01.jpg,CC BY 4.0,Chu
sm5,assets/cars/real/sm5.webp,File:20100801 renault samsung sm5 001.jpg,CC BY-SA 3.0,Chu
qm5,assets/cars/real/qm5.webp,"File:Renault Koleos Initiale Paris, IAA 2017, Frankfurt (1Y7A3353).jpg",CC BY-SA 4.0,Matti Blume
트랙스,assets/cars/real/trax.webp,File:CHEVROLET TRAX China.jpg,CC BY-SA 4.0,Dinkun Chen
트레일블레이저,assets/cars/real/trailblazer.webp,File:99-02 Chevrolet Blazer TrailBlazer.jpg,Public domain,IFCAR
스파크,assets/cars/real/spark.webp,"File:Chevrolet Spark LS+ 1.2 – Frontansicht, 26. Juni 2011, Mettmann.jpg",CC BY-SA 3.0 de,M 93
말리부,assets/cars/real/malibu.webp,File:Chevrolet Malibu 1977 BW.jpg,CC0,Wilfredor
콜로라도,assets/cars/real/colorado.webp,File:Chevrolet Colorado High Country 2018 (46414614972).jpg,CC BY-SA 2.0,RL GNZLZ from Chile
x5,assets/cars/real/x5.webp,"File:BMW E70 X5 3,0d pre-facelift.jpg",Public domain,JaayJay
x3,assets/cars/real/x3.webp,File:BMW X3 (G08) China.jpg,CC BY-SA 4.0,Dinkun Chen
x1,assets/cars/real/x1.webp,File:2018 BMW X1 sDrive18i xLine 1.5 Front.jpg,CC BY-SA 4.0,Vauxford
x7,assets/cars/real/x7.webp,"File:BMW Concept X7 iPerformance, IAA 2017, Frankfurt (1Y7A3280).jpg",CC BY-SA 4.0,Matti Blume
5시리즈,assets/cars/real/bmw5.webp,"File:BPol BMW F11, Hamburg-Altona (155914).jpg",CC BY-SA 3.0,Matti Blume
3시리즈,assets/cars/real/bmw3.webp,File:E21 BMW 316.jpg,CC0,Jeroen Coebergh
i4,assets/cars/real/i4.webp,File:BMW i4 IAA 2021 1X7A0307.jpg,CC BY-SA 4.0,Alexander Migl
ix,assets/cars/real/ix.webp,File:BMW iX IAA 2021 1X7A0204.jpg,CC BY-SA 4.0,Alexander Migl
e클래스,assets/cars/real/eclass.webp,"File:Münster, Beresa, Mercedes-Benz C-Klasse Cabrio -- 2018 -- 1757.jpg",CC BY-SA 4.0,Dietmar Rabich
c클래스,assets/cars/real/cclass.webp,File:DTM Mercedes w204 Schneider amk.jpg,CC BY-SA 2.5,user:AngMoKio
s클래스,assets/cars/real/sclass.webp,File:Mercedes-Benz W223 IAA 2021 1X7A0206.jpg,CC BY-SA 4.0,Alexander Migl
glc,assets/cars/real/glc.webp,File:Mercedes GLC F-Cell IMG 0063.jpg,CC BY-SA 4.0,Alexander Migl
gle,assets/cars/real/gle.webp,File:Mercedes-AMG GLE 43 (P1070799).jpg,CC BY-SA 4.0,Matti Blume
gls,assets/cars/real/gls.webp,File:Mercedes-Benz GL-GLS-Class timeline.jpg,CC BY-SA 4.0,Vajotwo  This  image was created with PhotoScape.
a클래스,assets/cars/real/aclass.webp,File:DTM Mercedes w204 Schneider amk.jpg,CC BY-SA 2.5,user:AngMoKio
a6,assets/cars/real/a6.webp,File:Audi A6 Allroad Quattro C8 1X7A0301.jpg,CC BY-SA 4.0,Alexander Migl
q5,assets/cars/real/q5.webp,File:Audi Q5 BW 1.jpg,CC BY-SA 3.0,Berthold Werner
q7,assets/cars/real/q7.webp,File:Audi q7 front white.jpg,CC BY-SA 3.0,Alofok
골프,assets/cars/real/golf.webp,File:2020 Volkswagen Golf Style 1.5 Front.jpg,CC BY-SA 4.0,Vauxford
티구안,assets/cars/real/tiguan.webp,"File:VW Tiguan TDI 2.0, Bj. 2008-06 (Sp).jpg",CC BY-SA 2.0 de,Spurzem - Lothar Spurzem
모델3,assets/cars/real/model3.webp,File:Tesla Model 3 1X7A6940.jpg,CC BY-SA 4.0,Alexander-93
모델y,assets/cars/real/modely.webp,File:Tesla Model Y 1X7A6211.jpg,CC BY-SA 4.0,Alexander Migl
model3,assets/cars/real/model3.webp,File:Tesla Model 3 1X7A6940.jpg,CC BY-SA 4.0,Alexander-93
modely,assets/cars/real/modely.webp,File:Tesla Model Y 1X7A6211.jpg,CC BY-SA 4.0,Alexander Migl
xc60,assets/cars/real/xc60.webp,File:Volvo XC60 (SPA) FL 1X7A0185.jpg,CC BY-SA 4.0,Alexander Migl
xc90,assets/cars/real/xc90.webp,File:Uber Self Driving Volvo at Otto Headquarters at 737 Harrison.jpg,CC BY-SA 4.0,Dllu
xc40,assets/cars/real/xc40.webp,File:Volvo XC40 Recharge Facelift Leonberg 2022 1X7A0435.jpg,CC BY-SA 4.0,Alexander Migl
s90,assets/cars/real/s90.webp,File:Volvo S90 - przód (MSP16).jpg,CC BY-SA 4.0,"Jakub ""Flyz1"" Maciejewski"
캠리,assets/cars/real/camry.webp,File:2018 Toyota Camry (ASV70R) Ascent sedan (2018-08-27) 01.jpg,CC BY-SA 4.0,EurovisionNim
rav4,assets/cars/real/rav4.webp,"File:Toyota, Paris Motor Show 2018, Paris (1Y7A2083).jpg",CC BY-SA 4.0,Matti Blume
프리우스,assets/cars/real/prius.webp,File:Toyota Prius c IMG 7739.jpg,CC BY-SA 4.0,Alexander-93
어코드,assets/cars/real/accord.webp,File:Honda Accord 1993 Finland.JPG,CC BY-SA 3.0,MattiPaavola
crv,assets/cars/real/crv.webp,File:2018 Honda CR-V (RW MY18) +Sport 2WD wagon (2018-10-22) 02.jpg,CC BY-SA 4.0,EurovisionNim
쿠퍼,assets/cars/real/minicooper.webp,File:Morris Mini-Minor 1959 (621 AOK).jpg,CC BY-SA 2.5,DeFacto
es,assets/cars/real/es.webp,File:LEXUS ES 300h(XZ10) China.jpg,CC BY-SA 4.0,Dinkun Chen
rx,assets/cars/real/rx.webp,File:Lexus RX 350 L FL 1X7A0345.jpg,CC BY-SA 4.0,Alexander Migl
랭글러,assets/cars/real/wrangler.webp,File:Jeep Wrangler rear view.jpg,CC BY-SA 4.0,Axepas12
포레스터,assets/cars/real/forester.webp,"File:Subaru Forester, GIMS 2019, Le Grand-Saconnex (GIMS0773).jpg",CC BY-SA 4.0,Matti Blume
스타렉스,assets/cars/real/starex.webp,File:20100902 hyundai starex 002.jpg,CC BY-SA 3.0,Chu
a4,assets/cars/real/a4.webp,File:2019 Audi A4 Allroad quattro front NYIAS 2019.jpg,CC BY-SA 4.0,Kevauto
