# 모델명 패턴,공칭 연료탱크 용량(L)
# 패턴은 공백/기호 제거·소문자화한 모델명의 부분 문자열. '+'로 연결된
# 부분은 모두 포함해야 매칭(AND). 예: 'k5+lpi' 는 모델명에 k5와 lpi 모두
# 포함될 때만 매칭. 가장 긴 매칭 패턴이 우선한다.
# liters=0 → 전기/수소 등 주유 대상 아님 (자동입력 생략)
# 출처: 제조사 제원표 / carnoon·miniweb·paili 정리본 / fuelrefillcalculator
# (452 모델, 최신 연식 기준). 세대별 차이는 신형 기준으로 수록.
pattern,liters
# ── 전기/수소 차 (주유 대상 아님)
아이오닉,0
아이오닉5,0
아이오닉6,0
아이오닉9,0
ev3,0
ev4,0
ev5,0
ev6,0
ev9,0
일렉트릭,0
ev트럭,0
전동화,0
gv60,0
넥쏘,0
토레스+evx,0
캐스퍼+ev,0
코나+일렉트릭,0
니로+ev,0
볼트+ev,0
볼트ev,0
model3,0
modelx,0
modely,0
models,0
model s,0
model y,0
테슬라,0
polestar,0
폴스타,0
eletre,0
emeya,0
e-tron,0
트론gt,0
q4e-,0
q6e-,0
q8e-,0
taycan,0
타이칸,0
i-pace,0
리프,0
leaf,0
zoe,0
조에,0
megane e-tech,0
ix1,0
ix3,0
id.3,0
id.4,0
id.5,0
id.버즈,0
bzsport,0
bz4x,0
ex30,0
ex40,0
ex90,0
lyriq,0
optiq,0
mach-e,0
# ── 현대
모닝+lpi,37
모닝,35
레이+lpi,37
레이,38
캐스퍼,35
스파크,32
아반떼+lpi,53
아반떼+lpg,53
아반떼+hev,42
아반떼+하이브리드,42
아반떼+n,47
아반떼+ad,50
아반떼+hd,52
아반떼+md,50
아반떼,47
베뉴,45
베르나,45
엑센트,45
i30,50
i40,70
벨로스터,50
쏘나타+lpi,68
쏘나타+lpg,68
쏘나타+hev,50
쏘나타+하이브리드,50
쏘나타+lf,60
쏘나타+yf,60
쏘나타,60
그랜저+lpi,89
그랜저+lpg,89
그랜저+hev,50
그랜저+하이브리드,50
그랜저+hg,70
그랜저+ig,60
그랜저+tg,70
그랜저+xg,70
그랜저,60
스타리아+lpg,85
스타리아+hev,60
스타리아+하이브리드,60
스타리아,75
그랜드스타렉스,75
스타렉스,75
카니발+r,70
그랜드카니발,80
카니발,72
팰리세이드,71
모하비+마스터,82
모하비,82
투싼+hev,52
투싼+하이브리드,52
투싼+phev,52
투싼+tl,62
투싼+개조,62
투싼,54
싼타페+phev,47
싼타페+hev,67
싼타페+하이브리드,67
싼타페+더프라임,71
싼타페,67
쏘렌토+phev,47
쏘렌토+hev,67
쏘렌토+하이브리드,67
쏘렌토+디젤,71
쏘렌토+um,70
쏘렌토+bl,80
쏘렌토,67
코나+hev,38
코나+하이브리드,38
코나+n,50
코나,50
셀토스,50
니로+phev,33
니로+hev,42
니로+de,45
니로,42
쏘울+부스터,54
쏘울,54
스토닉,45
카렌스,55
포터+일렉트릭,0
포터+ev,0
포터,60
봉고+ev,0
봉고,60
카운티,95
마이티,100
파비스,100
타스만,80
# ── 기아
k3,50
k5+lpi,68
k5+lpg,68
k5+hev,50
k5+하이브리드,50
k5+jf,70
k5,60
k7+hev,60
k7,70
k8+hev,50
k8+하이브리드,50
k8+lpi,64
k8+lpg,64
k8,60
k9,80
프라이드,43
록스타,60
스팅어,60
스팅어마이스터,60
# ── 제네시스
g70,60
g80+3.5,73
g80+3.5t,73
g80,65
g90,83
gv70,66
gv80,80
eq900,83
제네시스+bh,77
제네시스+dh,77
제네시스+g90,83
제네시스,77
# ── KG/쌍용
티볼리+에어,50
티볼리에어,50
티볼리,47
코란도+투리스모,80
코란도+디젤,47
코란도+c,50
코란도+k,75
코란도,50
토레스+lpg,58
토레스,50
렉스턴+스포츠,75
렉스턴스포츠,75
렉스턴+칸,80
렉스턴,70
무쏘+스포츠,75
무쏘스포츠,75
무쏘,70
체어맨,80
액티언,60
뷰티풀코란도,57
# ── 쉐보레(GM)
말리부+디젤,55
말리부,62
트레일블레이저,50
트랙스+크로스오버,50
트랙스크로스오버,50
트랙스,52
이쿼녹스+awd,59
이쿼녹스,56
트래버스,82
콜로라도,79
카마로,72
타호,91
임팔라,70
크루즈,47
아베오,46
캡티바,65
윈스톰,65
토스카,65
올란도,64
볼트,0
# ── 르노코리아
sm6+lp,75
sm6+lpl,75
sm6+lpg,75
sm6+디젤,52
sm6,51
sm5+lp,72
sm5+뉴,65
sm5,60
sm3,50
sm7,65
qm6+lp,75
qm6+lpg,75
qm6,60
qm5,65
qm3,45
xm3+e-tech,39
xm3+하이브리드,39
xm3,50
아르카나+e-tech,39
아르카나+하이브리드,39
아르카나,50
arkana,50
캡처,45
클리오,42
마스터,80
트위지,0
조에,0
# ── 수입차
# Mercedes-Benz (벤츠)
벤츠+a,43
벤츠+b,43
벤츠+c,66
벤츠+cla,43
벤츠+cls,66
벤츠+e,66
벤츠+gla,43
벤츠+glb,52
벤츠+glc,66
벤츠+gle,85
벤츠+gls,90
벤츠+s,76
벤츠+sl,70
벤츠+v,70
벤츠+g,100
벤츠+eqa,0
벤츠+eqb,0
벤츠+eqc,0
벤츠+eqe,0
벤츠+eqs,0
메르세데스+a,43
메르세데스+b,43
메르세데스+c,66
메르세데스+cla,43
메르세데스+cls,66
메르세데스+e,66
메르세데스+gla,43
메르세데스+glb,52
메르세데스+glc,66
메르세데스+gle,85
메르세데스+gls,90
메르세데스+s,76
메르세데스+gt,75
메르세데스+v,70
메르세데스+g,100
메르세데스+eqa,0
메르세데스+eqb,0
메르세데스+eqc,0
메르세데스+eqe,0
메르세데스+eqs,0
메르세데스+sl,70
maybach,90
# BMW
bmw+1,42
bmw+2,52
bmw+3,59
bmw+4,59
bmw+5,68
bmw+6,70
bmw+7,74
bmw+8,68
bmw+x1,51
bmw+x2,51
bmw+x3,65
bmw+x4,65
bmw+x5,83
bmw+x6,83
bmw+x7,83
bmw+z4,52
bmw+m2,52
bmw+m3,59
bmw+m4,59
bmw+m5,68
bmw+i4,0
bmw+i5,0
bmw+i7,0
bmw+ix,0
# Audi (아우디)
아우디+a1,40
아우디+a3,45
아우디+a4,54
아우디+a5,58
아우디+a6,63
아우디+a7,63
아우디+a8,82
아우디+q2,50
아우디+q3,58
아우디+q5,70
아우디+q7,85
아우디+q8,85
아우디+tt,50
아우디+e-tron,0
audi+a1,40
audi+a3,45
audi+a4,54
audi+a5,58
audi+a6,63
audi+a7,63
audi+a8,82
audi+q2,50
audi+q3,58
audi+q5,70
audi+q7,85
audi+q8,85
audi+tt,50
audi+e-tron,0
# Volkswagen (폭스바겐)
폭스바겐+골프,50
폭스바겐+티구안,58
폭스바겐+파사트,66
폭스바겐+아테온,66
폭스바겐+제타,50
폭스바겐+투아렉,75
폭스바겐+폴로,40
폭스바겐+비틀,55
폭스바겐+티록,50
폭스바겐+t-roc,50
폭스바겐+투란,58
폭스바겐+id,0
# Volvo (볼보)
볼보+s40,62
볼보+s60,60
볼보+s80,70
볼보+s90,60
볼보+v40,62
볼보+v50,62
볼보+v60,60
볼보+v70,70
볼보+v90,60
볼보+xc40,54
볼보+xc60,71
볼보+xc70,70
볼보+xc90,71
볼보+ex,0
볼보+ec40,0
볼보+c40,0
# Toyota (토요타)
토요타+캠리,50
토요타+rav4,55
토요타+코롤라,50
토요타+프리우스,43
토요타+시에나,68
토요타+하이랜더,68
토요타+수프라,52
토요타+랜드크루저,87
토요타+알파드,75
토요타+gr86,50
토요타+크라운,55
토요타+86,50
캠리,50
시에나,68
알파드,75
프리우스,43
랜드크루저,87
수프라,52
# Lexus (렉서스)
렉서스+es300h,50
렉서스+es,60
렉서스+nx,55
렉서스+rx,65
렉서스+ux,43
렉서스+ls,84
렉서스+is,66
렉서스+rc,66
렉서스+lc,82
렉서스+gx,87
렉서스+lx,93
렉서스+rz,0
# Honda (혼다)
혼다+어코드,56
혼다+cr-v,53
혼다+crv,53
혼다+시빅,47
혼다+오딧세이,74
혼다+파일럿,74
어코드,56
시빅,47
오딧세이,74
파일럿,74
# Nissan (닛산)
닛산+알티마,61
닛산+패스파인더,70
닛산+무라노,72
닛산+엑스트레일,55
닛산+리프,0
알티마,61
패스파인더,70
무라노,72
# MINI (미니)
mini+cooper,44
mini+countryman,51
mini+컨트리맨,51
mini+clubman,48
mini+클럽맨,48
mini,44
미니,44
# Jeep (짚)
짚+랭글러,81
짚+그랜드체로키,87
짚+체로키,60
짚+컴패스,55
짚+레니게이드,48
짚+글래디에이터,83
랭글러,81
그랜드체로키,87
컴패스,55
레니게이드,48
글래디에이터,83
# Ford (포드)
포드+익스플로러,68
포드+머스탱,61
포드+f-150,87
포드+레인저,80
포드+익스페디션,95
포드+브롱코,64
포드+쿠가,54
포드+포커스,52
익스플로러,68
머스탱,61
mustang,61
explorer,68
# Lincoln (링컨)
링컨+네비게이터,89
링컨+아비에이터,76
링컨+코세어,62
링컨+노틸러스,70
링컨+컨티넨탈,74
lincoln+navigator,89
# Cadillac (캐딜락)
캐딜락+에스컬레이드,91
캐딜락+xt4,60
캐딜락+xt5,82
캐딜락+xt6,83
캐딜락+ct4,59
캐딜락+ct5,66
캐딜락+ct6,74
캐딜락+cts,68
캐딜락+ats,62
escalade,91
# Maserati (마세라티)
마세라티+기블리,80
마세라티+르반떼,80
마세라티+그레칼레,64
마세라티+콰트로포르테,80
마세라티+그란투리스모,86
마세라티+mc20,60
maserati,80
기블리,80
르반떼,80
그레칼레,64
콰트로포르테,80
# Land Rover / Range Rover (랜드로버/레인지로버)
디펜더,90
레인지로버+스포츠,90
레인지로버+벨라,82
레인지로버+이보크,65
레인지로버+벨라,82
레인지로버이보크,65
레인지로버,90
디스커버리+스포츠,67
디스커버리,89
랜드로버+디펜더,90
랜드로버+디스커버리,89
벨라,82
이보크,65
# Jaguar (재규어)
재규어+f-pace,82
재규어+e-pace,68
재규어+xf,74
재규어+xe,63
재규어+f-type,70
재규어+i-pace,0
f-pace,82
e-pace,68
# Porsche (포르쉐)
포르쉐+911,64
포르쉐+카이엔,75
포르쉐+파나메라,75
포르쉐+마칸,65
포르쉐+718,64
포르쉐+타이칸,0
포르쉐+카이맨,64
포르쉐+박스터,64
porsche+911,64
911,64
카이엔,75
파나메라,75
마칸,65
카이맨,64
박스터,64
# Rolls-Royce / Bentley / Ferrari / Lamborghini / McLaren / Aston Martin
롤스로이스+고스트,82
롤스로이스+팬텀,90
롤스로이스+컬리넌,100
롤스로이스+레이스,83
롤스로이스+던,82
롤스로이스+스펙터,0
ghost,82
phantom,90
cullinan,100
wraith,83
벤틀리+벤테이가,85
벤틀리+컨티넨탈,90
벤틀리+플라잉스퍼,90
벤틀리+뮬산,96
bentayga,85
continental+gt,90
flyingspur,90
페라리+로마,80
페라리+sf90,68
페라리+296,65
페라리+f8,78
페라리+푸로산게,100
페라리+812,92
페라리+포르토피노,80
페라리,90
ferrari,90
람보르기니+우라칸,83
람보르기니+우루스,85
람보르기니+아벤타도르,90
람보르기니+레부엘토,80
람보르기니,80
lamborghini,80
맥라렌+570,72
맥라렌+720,72
맥라렌+artura,65
맥라렌+gt,72
맥라렌,70
아스톤마틴+db11,78
아스톤마틴+db12,78
아스톤마틴+밴티지,73
아스톤마틴+dbx,85
아스톤마틴,78
# Infiniti / DS / Alfa Romeo / Chrysler / Subaru / Mitsubishi / GMC
인피니티+q50,80
인피니티+q60,76
인피니티+qx50,60
인피니티+qx60,73
인피니티+qx80,98
infiniti,76
ds+7,62
ds+3,44
알파로메오+줄리아,58
알파로메오+스텔비오,64
알파로메오+토날레,55
giulia,58
stelvio,64
크라이슬러+300,70
크라이슬러+퍼시피카,87
300c+srt8,72
300c,70
pacifica,87
스바루+포레스터,63
스바루+아웃백,70
스바루+크로스투렉,48
스바루+brz,50
스바루+wrx,63
스바루+임프레자,50
포레스터,63
아웃백,70
미쓰비시+이클립스,60
이클립스크로스,60
# Peugeot / Citroen / DS (수입 소량)
푸조+208,44
푸조+308,52
푸조+2008,44
푸조+3008,53
푸조+5008,56
푸조+508,62
peugeot+208,44
peugeot+308,52
peugeot+2008,44
peugeot+3008,53
peugeot+5008,56
peugeot+508,62
시트로엥+c3,45
시트로엥+c4,50
시트로엥+c5,53
# Chevrolet / GMC / Buick 추가
gmc+유콘,87
gmc+시에라,91
buick,62
뷰익,62
# 기타 국내 상용/소형 메이커 (근사치 — 제원 확인 필요)
한국쓰리축,60
한국상용,60
포트로,60
마사다,100
다이하츠+코펜,30
스즈키+짐니,40
짐니,40
# ── 보강: 브랜드 접두어 없는 수입차 베어 모델명 ──
# Mercedes-Benz / Mercedes-AMG (영문 풀네임 행)
mercedes+eqa,0
mercedes+eqb,0
mercedes+eqc,0
mercedes+eqe,0
mercedes+eqs,0
eqa,0
eqb,0
eqc,0
eqe,0
eqs,0
a220,43
a250,43
a180,43
a200,43
a35,43
a45,43
cla,43
cls,66
c180,66
c200,66
c220,66
c250,66
c300,66
c350,66
c43,66
c63,66
e200,66
e220,66
e250,66
e300,66
e350,66
e400,66
e450,66
e53,66
e63,66
s350,76
s400,76
s450,76
s500,76
s560,76
s580,76
s680,90
gla,43
glb,52
glc,66
gle,85
gls,90
v220,70
v250,70
sprinter,71
gt43,75
gt53,75
gt63,75
sl43,70
sl63,70
g63,100
g400,100
g550,100
# BMW 베어 모델/트림명
edrive,0
bmw+ix,0
320i,59
320d,59
330i,59
330e,59
520i,68
520d,68
530i,68
530e,68
540i,68
740i,74
740d,74
750i,74
x1,51
x2,51
x3,65
x4,65
x5,83
x6,83
x7,83
z4,52
m2,52
m3,59
m4,59
m5,68
m8,68
# Audi 베어
a1,40
a3,45
a4,54
a5,58
a6,63
a7,63
a8,82
q2,50
q3,58
q5,70
q7,85
q8,85
tt,50
s3,54
s4,54
s5,58
rs5,58
sq5,70
r8,73
# VW 베어
golf,50
tiguan,58
arteon,66
atlas,70
jetta,50
passat,66
touareg,75
polo,40
beetle,55
t-roc,50
troc,50
id4,0
id5,0
id.4,0
id.5,0
# Toyota/Lexus/Honda/Nissan 베어
camry,50
rav4,55
corolla,50
prius,43
sienna,68
highlander,68
supra,52
landcruiser,87
alphard,75
vellfire,75
gt86,50
gr86,50
c-hr,43
chr,43
avensis,60
hilux,80
tacoma,80
sequoia,85
4runner,87
yaris,42
venza,55
crown,55
mirai,0
accord,56
cr-v,53
crv,53
civic,47
odyssey,74
pilot,74
altima,61
murano,72
pathfinder,70
maxima,68
rogue,55
x-trail,55
xtrail,55
es300h,50
es350,60
nx,55
rx,65
ux,43
ls,84
lc,82
is,66
rc,66
rz,0
# Volvo bare
xc40,54
xc60,71
xc90,71
s60,60
s90,60
v60,60
v40,62
c40,0
# Ford/Lincoln/Cadillac 베어
explorer,68
mustang,61
f-150,87
f150,87
ranger,80
expedition,95
escape,57
edge,70
bronco,64
kuga,54
focus,52
aviator,76
corsair,62
nautilus,70
mkz,62
mkc,60
zephyr,62
escalade,91
xt4,60
xt5,82
xt6,83
ct4,59
ct5,66
ct6,74
cts,68
# Jeep 베어
wrangler,81
grandcherokee,87
cherokee,60
compass,55
renegade,48
gladiator,83
# Land Rover 베어 (레인지로버는 'rangerover'로 'ranger'와 구분)
rangeroversport,90
rangerover,90
velar,82
evoque,65
discoverysport,67
discovery,89
defender,90
freelander,67
# Porsche 베어
cayenne,75
panamera,75
macan,65
boxster,64
cayman,64
taycan,0
# 슈퍼카·럭셔리 베어
750s,60
artura,65
720s,72
765lt,60
huracan,83
urus,85
aventador,90
revuelto,80
emira,60
db11,78
db12,78
vantage,73
dbx,85
roma,80
sf90,68
portofino,80
# Chevrolet 베어
trailblazer,50
trax,50
equinox,56
malibu,62
traverse,82
colorado,79
tahoe,91
suburban,106
camaro,72
corvette,70
impala,70
orlando,64
captiva,65
# 르노·기타 베어
master,80
koleos,60
콜레오스,60
arkana,50
captur,48
clio,42
twingo,35
# 미쓰비시·스바루·마쓰다 베어
lancer,50
eclipse,60
rvr,63
outlander,63
forester,63
outback,70
crosstrek,48
brz,50
wrx,63
impreza,50
cx-3,48
cx-5,58
cx-30,51
cx-60,58
cx-90,74
mazda3,51
mazda6,62
mx-5,45
# 국산 구형·희귀 모델
아슬란,70
마제스티,75
아토스,35
클릭,45
티뷰론,55
테라칸,75
갤로퍼,90
트라제,65
베라크루즈,78
맥스크루즈,71
싼타모,70
슈마,50
프레지오,60
봉고프런티어,60
라보,50
다마스,30
체어맨,80
로디우스,70
코란도투리스모,80
카이런,75
액티언스포츠,75
무쏘스포츠,75
올뉴코란도,57
sm7+노바,70
sm7,65
클리오,42
마이스터,60
musso,75
rexton,70
tivoli,47
korando,50
torres,50
actyon,60
# 국내 전기/수소·희귀 EV
pv5,0
cevo,0
이티밴,0
이티4밴,0
byd,0
zeekr,0
7x,0
타이칸,0
masada,100
# ── 누락 보강 2차 ──
스포티지+lpi,50
스포티지+hev,52
스포티지+하이브리드,52
스포티지+phev,52
스포티지+ql,62
스포티지,54
# 잔여 수입/희귀
rs3,54
rs6,73
rs7,73
sq5,70
gmc,91
지엠씨,91
lancer,50
아웃랜더,63
피아트+500,35
피아트+프리몬트,77
피아트+124,45
피아트,45
fiat+500,35
fiat+freemont,77
fiat,45
peugeot,52
pe3008,53
bmw+m2,52
bmw+m8,68
bmw+4,59
bmw+7,74
bmw+x,65
bmw,59
legacy,63
레거시,63
gallardo,80
dbs,78
valour,78
temerario,80
옵티마,70
optima,70
베뉴?,45
d2c,0
d2p,0
e-cv1,0
se-a2,0
stego-z,0
danigo,0
k01h,60
c35s2,60
sw40,0
t4k,60
scenic,52
시닉,52
이노바?,55
# 현대 상용/버스 잔여
엑시언트,200
뉴파워트럭,200
메가트럭,200
노부스,200
유니버스,300
일레븐시티,0
아슬란?,70
# ── 잔여 소수 ──
랜서,50
에볼루션,50
s6,73
s7,73
s8,82
b200,43
g350,100
l200,61
gts,64
bolt,0
mg+zs,0
이네오스,90
그레나디어,90
그랜드보이저,80
스피라,0
다니고,0
마이브,0
베프,0
비바,0
썬라이즈,0
엠티알,0
마스타,0
e-tovi,0
# ── 최종 잔여 ──
마세라티,80
파제로,69
짚+어벤저,54
어벤저,54
리릭,0
비스틱,0
테라밴,0
포텐스,0
툰랜드,76
제인모터스,0
이엔,0
